Standard Report for Display Ads IE

Date/Time Generated,12/4/17 8:33 AM
Report Time Zone,Europe/London
Account ID,484202
Date Range,10/16/17 - 10/22/17
Advertiser,Equals:DFS IE Display (6700125)
MRC Accredited Metrics,"Impressions(Desktop Display and Rich Media, Desktop Video, Mobile Video)"

Report Fields
Date,Campaign,Site (DCM),Advertiser,Clicks,Cost Per Click,Click Rate,Impressions,Cost Per Activity,Revenue Per Click,Revenue Per Thousand Impressions,Total Conversions,Total Revenue
2017-10-16,MED_IE_DFS_DFS_Display_2017_10,adnear.com,DFS IE Display,5,0.000000000,0.02,27181,0.000000000,0.000000000,0.000000000,0.00,0.000000000
2017-10-17,MED_IE_DFS_DFS_Display_2017_10,adnear.com,DFS IE Display,9,0.000000000,0.03,27413,0.000000000,0.000000000,0.000000000,6.00,0.000000000
2017-10-18,MED_IE_DFS_DFS_Display_2017_10,adnear.com,DFS IE Display,6,0.000000000,0.02,26186,0.000000000,0.000000000,0.000000000,6.00,0.000000000
2017-10-19,MED_IE_DFS_DFS_Display_2017_10,adnear.com,DFS IE Display,6,0.000000000,0.02,26943,0.000000000,0.000000000,0.000000000,2.00,0.000000000
2017-10-20,MED_IE_DFS_DFS_Display_2017_10,adnear.com,DFS IE Display,7,0.000000000,0.02,29279,0.000000000,0.000000000,0.000000000,3.00,0.000000000
2017-10-21,MED_IE_DFS_DFS_Display_2017_10,adnear.com,DFS IE Display,7,0.000000000,0.03,27511,0.000000000,0.000000000,0.000000000,5.00,0.000000000
2017-10-22,MED_IE_DFS_DFS_Display_2017_10,adnear.com,DFS IE Display,6,0.000000000,0.02,27348,0.000000000,0.000000000,0.000000000,1.00,0.000000000
Grand Total:,---,---,---,46,0.000000000,0.02,191861,0.000000000,0.000000000,0.000000000,23.00,0.000000000
