Standard Report for Email Campaigns

Date/Time Generated,12/6/17 7:20 AM
Report Time Zone,Europe/London
Account ID,484202
Date Range,10/16/17 - 10/22/17
Advertiser,Equals:DFS UK Email (6544008)
MRC Accredited Metrics,"Impressions(Desktop Display and Rich Media, Desktop Video, Mobile Video)"

Report Fields
Date,Campaign,Site (DCM),Advertiser,Placement,Clicks,Cost Per Click,Click Rate,Impressions,Cost Per Activity,Revenue Per Click,Revenue Per Thousand Impressions,Total Conversions,Total Revenue,Main : DFS_UK_Main_CallMeBackConf: Total Conversions,Main : DFS_UK_Main_UNIQUE-LANDING: Total Conversions,Sales : DFS_UK_Ecommerce_BuyOnlineConf: Total Conversions
2017-10-16,DFS_Email_Always-On,dfs.co.uk,DFS UK Email,Existing Customer - 1x1,0,0.000000000,0.00,18,0.000000000,0.000000000,0.000000000,0.00,0.000000000,0.00,0.00,0.00
2017-10-16,DFS_Email_Always-On,dfs.co.uk,DFS UK Email,New Customer - 1x1,0,0.000000000,0.00,32,0.000000000,0.000000000,0.000000000,0.00,0.000000000,0.00,0.00,0.00
2017-10-17,DFS_Email_Always-On,dfs.co.uk,DFS UK Email,Existing Customer - 1x1,0,0.000000000,0.00,11,0.000000000,0.000000000,0.000000000,0.00,0.000000000,0.00,0.00,0.00
2017-10-17,DFS_Email_Always-On,dfs.co.uk,DFS UK Email,New Customer - 1x1,0,0.000000000,0.00,13,0.000000000,0.000000000,0.000000000,0.00,0.000000000,0.00,0.00,0.00
2017-10-18,DFS_Email_Always-On,dfs.co.uk,DFS UK Email,Existing Customer - 1x1,0,0.000000000,0.00,22,0.000000000,0.000000000,0.000000000,1.00,0.000000000,0.00,1.00,0.00
2017-10-18,DFS_Email_Always-On,dfs.co.uk,DFS UK Email,New Customer - 1x1,0,0.000000000,0.00,18,0.000000000,0.000000000,0.000000000,0.00,0.000000000,0.00,0.00,0.00
2017-10-19,DFS_Email_Always-On,dfs.co.uk,DFS UK Email,Existing Customer - 1x1,0,0.000000000,0.00,16,0.000000000,0.000000000,0.000000000,0.00,0.000000000,0.00,0.00,0.00
2017-10-19,DFS_Email_Always-On,dfs.co.uk,DFS UK Email,New Customer - 1x1,0,0.000000000,0.00,13,0.000000000,0.000000000,0.000000000,0.00,0.000000000,0.00,0.00,0.00
2017-10-20,DFS_Email_Always-On,dfs.co.uk,DFS UK Email,Existing Customer - 1x1,0,0.000000000,0.00,18,0.000000000,0.000000000,0.000000000,0.00,0.000000000,0.00,0.00,0.00
2017-10-20,DFS_Email_Always-On,dfs.co.uk,DFS UK Email,New Customer - 1x1,0,0.000000000,0.00,24,0.000000000,0.000000000,0.000000000,0.00,0.000000000,0.00,0.00,0.00
2017-10-21,DFS_Email_Always-On,dfs.co.uk,DFS UK Email,Existing Customer - 1x1,0,0.000000000,0.00,14,0.000000000,0.000000000,0.000000000,0.00,0.000000000,0.00,0.00,0.00
2017-10-21,DFS_Email_Always-On,dfs.co.uk,DFS UK Email,New Customer - 1x1,0,0.000000000,0.00,19,0.000000000,0.000000000,0.000000000,3.00,0.000000000,1.00,2.00,0.00
2017-10-22,DFS_Email_Always-On,dfs.co.uk,DFS UK Email,Existing Customer - 1x1,0,0.000000000,0.00,16,0.000000000,0.000000000,0.000000000,0.00,0.000000000,0.00,0.00,0.00
2017-10-22,DFS_Email_Always-On,dfs.co.uk,DFS UK Email,New Customer - 1x1,0,0.000000000,0.00,14,0.000000000,0.000000000,0.000000000,0.00,0.000000000,0.00,0.00,0.00
Grand Total:,---,---,---,---,0,0.000000000,0.00,248,0.000000000,0.000000000,0.000000000,4.00,0.000000000,1.00,3.00,0.00
