Standard Report for Social Campaigns

Date/Time Generated,12/6/17 7:22 AM
Report Time Zone,Europe/London
Account ID,484202
Date Range,10/16/17 - 10/22/17
Advertiser,Equals:DFS UK Social (6542120)
MRC Accredited Metrics,"Impressions(Desktop Display and Rich Media, Desktop Video, Mobile Video)"

Report Fields
Date,Campaign,Site (DCM),Advertiser,Placement,Clicks,Cost Per Click,Click Rate,Impressions,Cost Per Activity,Revenue Per Click,Revenue Per Thousand Impressions,Total Conversions,Total Revenue,Main : DFS_UK_Main_CallMeBackConf: Total Conversions,Main : DFS_UK_Main_UNIQUE-LANDING: Total Conversions,Sales : DFS_UK_Ecommerce_BuyOnlineConf: Total Conversions
2017-10-16,DFS_GXD_Social_220917,facebook UK,DFS UK Social,DFS_GXD_Vivid_22Sept17-01Oct17_PO70016248_FB_New Parents_Social,0,0.000000000,0.00,0,0.000000000,0.000000000,0.000000000,1.00,0.000000000,1.00,0.00,0.00
2017-10-16,DFS_GXD_Traffic_Driving_Social_280917,facebook UK,DFS UK Social,DFS_GXD_Anya_17Oct17-23Oct17_PO70016248_FB_Quality&Value Seekers_Social,1,0.000000000,0.00,0,0.000000000,0.000000000,0.000000000,1.00,0.000000000,0.00,1.00,0.00
2017-10-16,DFS_GXD_Traffic_Driving_Social_280917,facebook UK,DFS UK Social,DFS_GXD_Bailey_10Oct17-16Oct17_PO70016248_FB_Quality&Value Seekers_Social,403,0.000000000,0.00,0,0.000000000,0.000000000,0.000000000,108.00,0.000000000,0.00,108.00,0.00
2017-10-16,DFS_GXD_Traffic_Driving_Social_280917,facebook UK,DFS UK Social,DFS_GXD_Cedar_29Sept17-08Oct17_PO70016248_FB_Quality&Value Seekers_Social,0,0.000000000,0.00,0,0.000000000,0.000000000,0.000000000,2.00,553.000000000,0.00,1.00,1.00
2017-10-16,DFS_GXD_Traffic_Driving_Social_280917,facebook UK,DFS UK Social,DFS_GXD_Celine_17Oct17-23Oct17_PO70016248_FB_Quality&Value Seekers_Social,1,0.000000000,0.00,0,0.000000000,0.000000000,0.000000000,1.00,0.000000000,0.00,1.00,0.00
2017-10-16,DFS_GXD_Traffic_Driving_Social_280917,facebook UK,DFS UK Social,DFS_GXD_Gower_10Oct17-16Oct17_PO70016248_FB_Quality&Value Seekers_Social,525,0.000000000,0.00,0,0.000000000,0.000000000,0.000000000,115.00,0.000000000,0.00,115.00,0.00
2017-10-16,DFS_GXD_Traffic_Driving_Social_280917,facebook UK,DFS UK Social,DFS_GXD_Hardy_10Oct17-16Oct17_PO70016248_FB_Quality&Value Seekers_Social,2684,0.000000000,0.00,0,0.000000000,0.319299553,0.000000000,1220.00,857.000000000,0.00,1219.00,1.00
2017-10-16,DFS_GXD_Traffic_Driving_Social_280917,facebook UK,DFS UK Social,DFS_GXD_Keswick Armchair_10Oct17-16Oct17_PO70016248_FB_Quality&Value Seekers_Social,101,0.000000000,0.00,0,0.000000000,0.000000000,0.000000000,22.00,0.000000000,0.00,22.00,0.00
2017-10-16,DFS_GXD_Traffic_Driving_Social_280917,facebook UK,DFS UK Social,DFS_GXD_Keswick Sofa_10Oct17-16Oct17_PO70016248_FB_Quality&Value Seekers_Social,457,0.000000000,0.00,0,0.000000000,0.000000000,0.000000000,144.00,0.000000000,0.00,144.00,0.00
2017-10-16,DFS_GXD_Traffic_Driving_Social_280917,facebook UK,DFS UK Social,DFS_GXD_Kintyre_10Oct17-16Oct17_PO70016248_FB_Quality&Value Seekers_Social,161,0.000000000,0.00,0,0.000000000,0.000000000,0.000000000,41.00,0.000000000,0.00,41.00,0.00
2017-10-16,DFS_GXD_Traffic_Driving_Social_280917,facebook UK,DFS UK Social,DFS_GXD_Lola_17Oct17-23Oct17_PO70016248_FB_Quality&Value Seekers_Social,1,0.000000000,0.00,0,0.000000000,0.000000000,0.000000000,0.00,0.000000000,0.00,0.00,0.00
2017-10-16,DFS_GXD_Traffic_Driving_Social_280917,facebook UK,DFS UK Social,DFS_GXD_Profile card_10Oct17-16Oct17_PO70016248_FB_Quality&Value Seekers_Social,392,0.000000000,0.00,0,0.000000000,0.000000000,0.000000000,126.00,0.000000000,0.00,126.00,0.00
2017-10-16,DFS_GXD_Traffic_Driving_Social_280917,facebook UK,DFS UK Social,DFS_GXD_Raffles_17Oct17-23Oct17_PO70016248_FB_Quality&Value Seekers_Social,3,0.000000000,0.00,0,0.000000000,0.000000000,0.000000000,0.00,0.000000000,0.00,0.00,0.00
2017-10-16,DFS_GXD_Traffic_Driving_Social_280917,facebook UK,DFS UK Social,DFS_GXD_St Ives_17Oct17-23Oct17_PO70016248_FB_Quality&Value Seekers_Social,1,0.000000000,0.00,0,0.000000000,0.000000000,0.000000000,0.00,0.000000000,0.00,0.00,0.00
2017-10-17,DFS_GXD_Traffic_Driving_Social_280917,facebook UK,DFS UK Social,DFS_GXD_Akira_29Sept17-08Oct17_PO70016248_FB_Quality&Value Seekers_Social,0,0.000000000,0.00,0,0.000000000,0.000000000,0.000000000,2.00,0.000000000,0.00,2.00,0.00
2017-10-17,DFS_GXD_Traffic_Driving_Social_280917,facebook UK,DFS UK Social,DFS_GXD_Anya_17Oct17-23Oct17_PO70016248_FB_Quality&Value Seekers_Social,260,0.000000000,0.00,0,0.000000000,0.000000000,0.000000000,69.00,0.000000000,0.00,69.00,0.00
2017-10-17,DFS_GXD_Traffic_Driving_Social_280917,facebook UK,DFS UK Social,DFS_GXD_Bailey_10Oct17-16Oct17_PO70016248_FB_Quality&Value Seekers_Social,7,0.000000000,0.00,0,0.000000000,0.000000000,0.000000000,1.00,0.000000000,0.00,1.00,0.00
2017-10-17,DFS_GXD_Traffic_Driving_Social_280917,facebook UK,DFS UK Social,DFS_GXD_Celine_17Oct17-23Oct17_PO70016248_FB_Quality&Value Seekers_Social,1795,0.000000000,0.00,0,0.000000000,0.000000000,0.000000000,657.00,0.000000000,0.00,657.00,0.00
2017-10-17,DFS_GXD_Traffic_Driving_Social_280917,facebook UK,DFS UK Social,DFS_GXD_Gower_10Oct17-16Oct17_PO70016248_FB_Quality&Value Seekers_Social,5,0.000000000,0.00,0,0.000000000,0.000000000,0.000000000,3.00,0.000000000,0.00,3.00,0.00
2017-10-17,DFS_GXD_Traffic_Driving_Social_280917,facebook UK,DFS UK Social,DFS_GXD_Hardy_10Oct17-16Oct17_PO70016248_FB_Quality&Value Seekers_Social,15,0.000000000,0.00,0,0.000000000,0.000000000,0.000000000,10.00,0.000000000,0.00,10.00,0.00
2017-10-17,DFS_GXD_Traffic_Driving_Social_280917,facebook UK,DFS UK Social,DFS_GXD_Keswick Armchair_10Oct17-16Oct17_PO70016248_FB_Quality&Value Seekers_Social,3,0.000000000,0.00,0,0.000000000,0.000000000,0.000000000,0.00,0.000000000,0.00,0.00,0.00
2017-10-17,DFS_GXD_Traffic_Driving_Social_280917,facebook UK,DFS UK Social,DFS_GXD_Keswick Sofa_10Oct17-16Oct17_PO70016248_FB_Quality&Value Seekers_Social,4,0.000000000,0.00,0,0.000000000,0.000000000,0.000000000,0.00,0.000000000,0.00,0.00,0.00
2017-10-17,DFS_GXD_Traffic_Driving_Social_280917,facebook UK,DFS UK Social,DFS_GXD_Lola_17Oct17-23Oct17_PO70016248_FB_Quality&Value Seekers_Social,220,0.000000000,0.00,0,0.000000000,0.000000000,0.000000000,61.00,0.000000000,0.00,61.00,0.00
2017-10-17,DFS_GXD_Traffic_Driving_Social_280917,facebook UK,DFS UK Social,DFS_GXD_Profile card_10Oct17-16Oct17_PO70016248_FB_Quality&Value Seekers_Social,407,0.000000000,0.00,0,0.000000000,0.000000000,0.000000000,137.00,0.000000000,0.00,137.00,0.00
2017-10-17,DFS_GXD_Traffic_Driving_Social_280917,facebook UK,DFS UK Social,DFS_GXD_Raffles_17Oct17-23Oct17_PO70016248_FB_Quality&Value Seekers_Social,1164,0.000000000,0.00,0,0.000000000,0.000000000,0.000000000,441.00,0.000000000,0.00,441.00,0.00
2017-10-17,DFS_GXD_Traffic_Driving_Social_280917,facebook UK,DFS UK Social,DFS_GXD_St Ives_17Oct17-23Oct17_PO70016248_FB_Quality&Value Seekers_Social,260,0.000000000,0.00,0,0.000000000,0.000000000,0.000000000,48.00,0.000000000,0.00,48.00,0.00
2017-10-17,DFS_GXD_Traffic_Driving_Social_280917,facebook UK,DFS UK Social,DFS_GXD_Twille_29Sept17-08Oct17_PO70016248_FB_Quality&Value Seekers_Social,0,0.000000000,0.00,0,0.000000000,0.000000000,0.000000000,1.00,0.000000000,1.00,0.00,0.00
2017-10-18,DFS_GXD_Traffic_Driving_Social_280917,facebook UK,DFS UK Social,DFS_GXD_Anya_17Oct17-23Oct17_PO70016248_FB_Quality&Value Seekers_Social,301,0.000000000,0.00,0,0.000000000,0.000000000,0.000000000,88.00,0.000000000,0.00,88.00,0.00
2017-10-18,DFS_GXD_Traffic_Driving_Social_280917,facebook UK,DFS UK Social,DFS_GXD_Bailey_10Oct17-16Oct17_PO70016248_FB_Quality&Value Seekers_Social,1,0.000000000,0.00,0,0.000000000,0.000000000,0.000000000,0.00,0.000000000,0.00,0.00,0.00
2017-10-18,DFS_GXD_Traffic_Driving_Social_280917,facebook UK,DFS UK Social,DFS_GXD_Celine_17Oct17-23Oct17_PO70016248_FB_Quality&Value Seekers_Social,1216,0.000000000,0.00,0,0.000000000,0.000000000,0.000000000,407.00,0.000000000,0.00,407.00,0.00
2017-10-18,DFS_GXD_Traffic_Driving_Social_280917,facebook UK,DFS UK Social,DFS_GXD_Hardy_10Oct17-16Oct17_PO70016248_FB_Quality&Value Seekers_Social,0,0.000000000,0.00,0,0.000000000,0.000000000,0.000000000,1.00,778.000000000,0.00,0.00,1.00
2017-10-18,DFS_GXD_Traffic_Driving_Social_280917,facebook UK,DFS UK Social,DFS_GXD_Keswick Armchair_10Oct17-16Oct17_PO70016248_FB_Quality&Value Seekers_Social,0,0.000000000,0.00,0,0.000000000,0.000000000,0.000000000,1.00,0.000000000,0.00,1.00,0.00
2017-10-18,DFS_GXD_Traffic_Driving_Social_280917,facebook UK,DFS UK Social,DFS_GXD_Lola_17Oct17-23Oct17_PO70016248_FB_Quality&Value Seekers_Social,333,0.000000000,0.00,0,0.000000000,0.000000000,0.000000000,102.00,0.000000000,0.00,102.00,0.00
2017-10-18,DFS_GXD_Traffic_Driving_Social_280917,facebook UK,DFS UK Social,DFS_GXD_Profile card_10Oct17-16Oct17_PO70016248_FB_Quality&Value Seekers_Social,312,0.000000000,0.00,0,0.000000000,0.000000000,0.000000000,89.00,0.000000000,0.00,89.00,0.00
2017-10-18,DFS_GXD_Traffic_Driving_Social_280917,facebook UK,DFS UK Social,DFS_GXD_Raffles_17Oct17-23Oct17_PO70016248_FB_Quality&Value Seekers_Social,2327,0.000000000,0.00,0,0.000000000,0.000000000,0.000000000,1268.00,0.000000000,0.00,1268.00,0.00
2017-10-18,DFS_GXD_Traffic_Driving_Social_280917,facebook UK,DFS UK Social,DFS_GXD_St Ives_17Oct17-23Oct17_PO70016248_FB_Quality&Value Seekers_Social,238,0.000000000,0.00,0,0.000000000,0.000000000,0.000000000,55.00,0.000000000,0.00,55.00,0.00
2017-10-19,DFS_GXD_Traffic_Driving_Social_280917,facebook UK,DFS UK Social,DFS_GXD_Anya_17Oct17-23Oct17_PO70016248_FB_Quality&Value Seekers_Social,259,0.000000000,0.00,0,0.000000000,0.000000000,0.000000000,104.00,0.000000000,0.00,104.00,0.00
2017-10-19,DFS_GXD_Traffic_Driving_Social_280917,facebook UK,DFS UK Social,DFS_GXD_Bailey_10Oct17-16Oct17_PO70016248_FB_Quality&Value Seekers_Social,1,0.000000000,0.00,0,0.000000000,0.000000000,0.000000000,1.00,0.000000000,0.00,1.00,0.00
2017-10-19,DFS_GXD_Traffic_Driving_Social_280917,facebook UK,DFS UK Social,DFS_GXD_Celine_17Oct17-23Oct17_PO70016248_FB_Quality&Value Seekers_Social,935,0.000000000,0.00,0,0.000000000,0.000000000,0.000000000,340.00,0.000000000,0.00,340.00,0.00
2017-10-19,DFS_GXD_Traffic_Driving_Social_280917,facebook UK,DFS UK Social,DFS_GXD_Hardy_10Oct17-16Oct17_PO70016248_FB_Quality&Value Seekers_Social,0,0.000000000,0.00,0,0.000000000,0.000000000,0.000000000,2.00,0.000000000,0.00,2.00,0.00
2017-10-19,DFS_GXD_Traffic_Driving_Social_280917,facebook UK,DFS UK Social,DFS_GXD_Lola_17Oct17-23Oct17_PO70016248_FB_Quality&Value Seekers_Social,216,0.000000000,0.00,0,0.000000000,0.000000000,0.000000000,78.00,0.000000000,0.00,78.00,0.00
2017-10-19,DFS_GXD_Traffic_Driving_Social_280917,facebook UK,DFS UK Social,DFS_GXD_Profile card_10Oct17-16Oct17_PO70016248_FB_Quality&Value Seekers_Social,260,0.000000000,0.00,0,0.000000000,0.000000000,0.000000000,81.00,0.000000000,0.00,81.00,0.00
2017-10-19,DFS_GXD_Traffic_Driving_Social_280917,facebook UK,DFS UK Social,DFS_GXD_Raffles_17Oct17-23Oct17_PO70016248_FB_Quality&Value Seekers_Social,1977,0.000000000,0.00,0,0.000000000,0.000000000,0.000000000,1221.00,0.000000000,0.00,1221.00,0.00
2017-10-19,DFS_GXD_Traffic_Driving_Social_280917,facebook UK,DFS UK Social,DFS_GXD_St Ives_17Oct17-23Oct17_PO70016248_FB_Quality&Value Seekers_Social,218,0.000000000,0.00,0,0.000000000,0.000000000,0.000000000,70.00,0.000000000,0.00,70.00,0.00
2017-10-20,DFS_GXD_Traffic_Driving_Social_280917,facebook UK,DFS UK Social,DFS_GXD_Anya_17Oct17-23Oct17_PO70016248_FB_Quality&Value Seekers_Social,314,0.000000000,0.00,0,0.000000000,0.000000000,0.000000000,97.00,0.000000000,0.00,97.00,0.00
2017-10-20,DFS_GXD_Traffic_Driving_Social_280917,facebook UK,DFS UK Social,DFS_GXD_Celine_17Oct17-23Oct17_PO70016248_FB_Quality&Value Seekers_Social,1579,0.000000000,0.00,0,0.000000000,0.000000000,0.000000000,654.00,0.000000000,0.00,654.00,0.00
2017-10-20,DFS_GXD_Traffic_Driving_Social_280917,facebook UK,DFS UK Social,DFS_GXD_Gower_10Oct17-16Oct17_PO70016248_FB_Quality&Value Seekers_Social,1,0.000000000,0.00,0,0.000000000,0.000000000,0.000000000,0.00,0.000000000,0.00,0.00,0.00
2017-10-20,DFS_GXD_Traffic_Driving_Social_280917,facebook UK,DFS UK Social,DFS_GXD_Hardy_10Oct17-16Oct17_PO70016248_FB_Quality&Value Seekers_Social,0,0.000000000,0.00,0,0.000000000,0.000000000,0.000000000,1.00,0.000000000,0.00,1.00,0.00
2017-10-20,DFS_GXD_Traffic_Driving_Social_280917,facebook UK,DFS UK Social,DFS_GXD_Lola_17Oct17-23Oct17_PO70016248_FB_Quality&Value Seekers_Social,235,0.000000000,0.00,0,0.000000000,0.000000000,0.000000000,85.00,0.000000000,0.00,85.00,0.00
2017-10-20,DFS_GXD_Traffic_Driving_Social_280917,facebook UK,DFS UK Social,DFS_GXD_Profile card_10Oct17-16Oct17_PO70016248_FB_Quality&Value Seekers_Social,354,0.000000000,0.00,0,0.000000000,0.000000000,0.000000000,115.00,0.000000000,0.00,115.00,0.00
2017-10-20,DFS_GXD_Traffic_Driving_Social_280917,facebook UK,DFS UK Social,DFS_GXD_Raffles_17Oct17-23Oct17_PO70016248_FB_Quality&Value Seekers_Social,1405,0.000000000,0.00,0,0.000000000,0.000000000,0.000000000,712.00,0.000000000,1.00,711.00,0.00
2017-10-20,DFS_GXD_Traffic_Driving_Social_280917,facebook UK,DFS UK Social,DFS_GXD_St Ives_17Oct17-23Oct17_PO70016248_FB_Quality&Value Seekers_Social,207,0.000000000,0.00,0,0.000000000,0.000000000,0.000000000,46.00,0.000000000,0.00,46.00,0.00
2017-10-21,DFS_GXD_Traffic_Driving_Social_280917,facebook UK,DFS UK Social,DFS_GXD_Anya_17Oct17-23Oct17_PO70016248_FB_Quality&Value Seekers_Social,272,0.000000000,0.00,0,0.000000000,0.000000000,0.000000000,84.00,0.000000000,0.00,84.00,0.00
2017-10-21,DFS_GXD_Traffic_Driving_Social_280917,facebook UK,DFS UK Social,DFS_GXD_Celine_17Oct17-23Oct17_PO70016248_FB_Quality&Value Seekers_Social,1409,0.000000000,0.00,0,0.000000000,0.000000000,0.000000000,628.00,0.000000000,0.00,628.00,0.00
2017-10-21,DFS_GXD_Traffic_Driving_Social_280917,facebook UK,DFS UK Social,DFS_GXD_Hardy_10Oct17-16Oct17_PO70016248_FB_Quality&Value Seekers_Social,0,0.000000000,0.00,0,0.000000000,0.000000000,0.000000000,1.00,0.000000000,0.00,1.00,0.00
2017-10-21,DFS_GXD_Traffic_Driving_Social_280917,facebook UK,DFS UK Social,DFS_GXD_Lola_17Oct17-23Oct17_PO70016248_FB_Quality&Value Seekers_Social,234,0.000000000,0.00,0,0.000000000,0.000000000,0.000000000,98.00,0.000000000,0.00,98.00,0.00
2017-10-21,DFS_GXD_Traffic_Driving_Social_280917,facebook UK,DFS UK Social,DFS_GXD_Profile card_10Oct17-16Oct17_PO70016248_FB_Quality&Value Seekers_Social,338,0.000000000,0.00,0,0.000000000,0.000000000,0.000000000,147.00,0.000000000,0.00,147.00,0.00
2017-10-21,DFS_GXD_Traffic_Driving_Social_280917,facebook UK,DFS UK Social,DFS_GXD_Raffles_17Oct17-23Oct17_PO70016248_FB_Quality&Value Seekers_Social,1496,0.000000000,0.00,0,0.000000000,0.000000000,0.000000000,812.00,0.000000000,0.00,812.00,0.00
2017-10-21,DFS_GXD_Traffic_Driving_Social_280917,facebook UK,DFS UK Social,DFS_GXD_Romana_29Sept17-08Oct17_PO70016248_FB_Quality&Value Seekers_Social,0,0.000000000,0.00,0,0.000000000,0.000000000,0.000000000,1.00,0.000000000,0.00,1.00,0.00
2017-10-21,DFS_GXD_Traffic_Driving_Social_280917,facebook UK,DFS UK Social,DFS_GXD_St Ives_17Oct17-23Oct17_PO70016248_FB_Quality&Value Seekers_Social,234,0.000000000,0.00,0,0.000000000,0.000000000,0.000000000,65.00,0.000000000,0.00,65.00,0.00
2017-10-21,DFS_GXD_Traffic_Driving_Social_280917,facebook UK,DFS UK Social,DFS_GXD_Vivid_29Sept17-08Oct17_PO70016248_FB_Quality&Value Seekers_Social,0,0.000000000,0.00,0,0.000000000,0.000000000,0.000000000,1.00,0.000000000,0.00,1.00,0.00
2017-10-22,DFS_GXD_Traffic_Driving_Social_280917,facebook UK,DFS UK Social,DFS_GXD_Anya_17Oct17-23Oct17_PO70016248_FB_Quality&Value Seekers_Social,263,0.000000000,0.00,0,0.000000000,0.000000000,0.000000000,91.00,0.000000000,0.00,91.00,0.00
2017-10-22,DFS_GXD_Traffic_Driving_Social_280917,facebook UK,DFS UK Social,DFS_GXD_Bailey_10Oct17-16Oct17_PO70016248_FB_Quality&Value Seekers_Social,0,0.000000000,0.00,0,0.000000000,0.000000000,0.000000000,1.00,0.000000000,0.00,1.00,0.00
2017-10-22,DFS_GXD_Traffic_Driving_Social_280917,facebook UK,DFS UK Social,DFS_GXD_Celine_17Oct17-23Oct17_PO70016248_FB_Quality&Value Seekers_Social,1329,0.000000000,0.00,0,0.000000000,0.000000000,0.000000000,551.00,0.000000000,0.00,551.00,0.00
2017-10-22,DFS_GXD_Traffic_Driving_Social_280917,facebook UK,DFS UK Social,DFS_GXD_Lola_17Oct17-23Oct17_PO70016248_FB_Quality&Value Seekers_Social,268,0.000000000,0.00,0,0.000000000,0.000000000,0.000000000,94.00,0.000000000,0.00,94.00,0.00
2017-10-22,DFS_GXD_Traffic_Driving_Social_280917,facebook UK,DFS UK Social,DFS_GXD_Profile card_10Oct17-16Oct17_PO70016248_FB_Quality&Value Seekers_Social,313,0.000000000,0.00,0,0.000000000,0.000000000,0.000000000,100.00,0.000000000,0.00,100.00,0.00
2017-10-22,DFS_GXD_Traffic_Driving_Social_280917,facebook UK,DFS UK Social,DFS_GXD_Raffles_17Oct17-23Oct17_PO70016248_FB_Quality&Value Seekers_Social,1348,0.000000000,0.00,0,0.000000000,0.000000000,0.000000000,684.00,0.000000000,0.00,684.00,0.00
2017-10-22,DFS_GXD_Traffic_Driving_Social_280917,facebook UK,DFS UK Social,DFS_GXD_St Ives_17Oct17-23Oct17_PO70016248_FB_Quality&Value Seekers_Social,217,0.000000000,0.00,0,0.000000000,0.000000000,0.000000000,58.00,0.000000000,0.00,58.00,0.00
Grand Total:,---,---,---,---,29280,0.000000000,0.00,0,0.000000000,0.074726776,0.000000000,12245.00,2188.000000000,3.00,12239.00,3.00
