{
    "installed": {
        "client_id": "440531525848-km7uqjbqbro2l2ndbn4cggichbvlcj5i.apps.googleusercontent.com",
        "project_id": "beyondanalysis-dmd",
        "auth_uri": "https://accounts.google.com/o/oauth2/auth",
        "token_uri": "https://accounts.google.com/o/oauth2/token",
        "auth_provider_x509_cert_url": "https://www.googleapis.com/oauth2/v1/certs",
        "client_secret": "_ghvxTco24FPBIsb5yHFFCQo",
        "redirect_uris": [
            "urn:ietf:wg:oauth:2.0:oob",
            "http://localhost"
        ]
    }
}