{
    "installed": {
        "client_id": "352579393468-fm2mptigfjd7kojn8bl1kimf92q2j0js.apps.googleusercontent.com",
        "project_id": "nice-road-184014",
        "auth_uri": "https://accounts.google.com/o/oauth2/auth",
        "token_uri": "https://accounts.google.com/o/oauth2/token",
        "auth_provider_x509_cert_url": "https://www.googleapis.com/oauth2/v1/certs",
        "client_secret": "gbNQAFc56fHkpBDWumOmpW67",
        "redirect_uris": [
            "urn:ietf:wg:oauth:2.0:oob",
            "http://localhost"
        ]
    }
}